Priority,comment,datetime,job_state,resources_used.cpupercent,resources_used.cput,resources_used.mem,resources_used.ncpus,resources_used.vmem,resources_used.walltime,run_count,substate
0,Job run at Sun Jun 16 at 18:42 on (n086:ncpus=12:mem=31457280kb),2019-06-17 15:06:33.242126,R,1080,142:02:40,30718928kb,12,33466424kb,20:23:34,1,42
0,Job run at Sun Jun 16 at 18:42 on (n086:ncpus=12:mem=31457280kb),2019-06-17 15:08:35.924767,R,1080,142:02:40,30718928kb,12,33466424kb,20:23:34,1,42
0,Job run at Sun Jun 16 at 18:42 on (n086:ncpus=12:mem=31457280kb),2019-06-17 15:10:38.579120,R,1080,142:02:40,30718928kb,12,33466424kb,20:23:34,1,42
0,Job run at Sun Jun 16 at 18:42 on (n086:ncpus=12:mem=31457280kb),2019-06-17 15:12:41.207117,R,1080,142:02:40,30718928kb,12,33466424kb,20:23:34,1,42
0,Job run at Sun Jun 16 at 18:42 on (n086:ncpus=12:mem=31457280kb),2019-06-17 15:14:43.827142,R,1080,142:02:40,30718928kb,12,33466424kb,20:23:34,1,42
0,Job run at Sun Jun 16 at 18:42 on (n086:ncpus=12:mem=31457280kb),2019-06-17 15:16:46.500201,R,1080,142:02:40,30718928kb,12,33466424kb,20:23:34,1,42
0,Job run at Sun Jun 16 at 18:42 on (n086:ncpus=12:mem=31457280kb),2019-06-17 15:18:49.186998,R,1080,142:02:40,30718928kb,12,33466424kb,20:23:34,1,42
0,Job run at Sun Jun 16 at 18:42 on (n086:ncpus=12:mem=31457280kb),2019-06-17 15:20:51.819128,R,1080,142:02:40,30718928kb,12,33466424kb,20:23:34,1,42
0,Job run at Sun Jun 16 at 18:42 on (n086:ncpus=12:mem=31457280kb),2019-06-17 15:22:55.360801,R,1080,142:02:40,30718928kb,12,33466424kb,20:23:34,1,42
0,Job run at Sun Jun 16 at 18:42 on (n086:ncpus=12:mem=31457280kb),2019-06-17 15:24:57.974381,R,1080,142:02:40,30718928kb,12,33466424kb,20:23:34,1,42
0,Job run at Sun Jun 16 at 18:42 on (n086:ncpus=12:mem=31457280kb),2019-06-17 15:27:00.629386,R,1080,142:02:40,30718928kb,12,33466424kb,20:23:34,1,42
0,Job run at Sun Jun 16 at 18:42 on (n086:ncpus=12:mem=31457280kb),2019-06-17 15:29:03.219156,R,1080,142:02:40,30718928kb,12,33466424kb,20:23:34,1,42
0,Job run at Sun Jun 16 at 18:42 on (n086:ncpus=12:mem=31457280kb),2019-06-17 15:31:05.814745,R,1080,142:02:40,30718928kb,12,33466424kb,20:23:34,1,42
0,Job run at Sun Jun 16 at 18:42 on (n086:ncpus=12:mem=31457280kb),2019-06-17 15:33:08.619117,R,1080,142:02:40,30718928kb,12,33466424kb,20:23:34,1,42
0,Job run at Sun Jun 16 at 18:42 on (n086:ncpus=12:mem=31457280kb),2019-06-17 15:35:11.203293,R,1080,142:02:40,30718928kb,12,33466424kb,20:23:34,1,42
